-- MySQL dump 10.13  Distrib 8.0.20, for Linux (x86_64)
--
-- Host: localhost    Database: mydata
-- ------------------------------------------------------
-- Server version	8.0.20

/*!40101 SET @OLD_CHARACTER_SET_CLIENT=@@CHARACTER_SET_CLIENT */;
/*!40101 SET @OLD_CHARACTER_SET_RESULTS=@@CHARACTER_SET_RESULTS */;
/*!40101 SET @OLD_COLLATION_CONNECTION=@@COLLATION_CONNECTION */;
/*!50503 SET NAMES utf8 */;
/*!40103 SET @OLD_TIME_ZONE=@@TIME_ZONE */;
/*!40103 SET TIME_ZONE='+00:00' */;
/*!40014 SET @OLD_UNIQUE_CHECKS=@@UNIQUE_CHECKS, UNIQUE_CHECKS=0 */;
/*!40014 SET @OLD_FOREIGN_KEY_CHECKS=@@FOREIGN_KEY_CHECKS, FOREIGN_KEY_CHECKS=0 */;
/*!40101 SET @OLD_SQL_MODE=@@SQL_MODE, SQL_MODE='NO_AUTO_VALUE_ON_ZERO' */;
/*!40111 SET @OLD_SQL_NOTES=@@SQL_NOTES, SQL_NOTES=0 */;

--
-- Table structure for table `bidinfo`
--

DROP TABLE IF EXISTS `bidinfo`;
/*!40101 SET @saved_cs_client     = @@character_set_client */;
/*!50503 SET character_set_client = utf8mb4 */;
CREATE TABLE `bidinfo` (
  `id` int NOT NULL AUTO_INCREMENT,
  `biditem_id` int NOT NULL,
  `user_id` int NOT NULL,
  `price` int NOT NULL,
  `created` datetime NOT NULL,
  PRIMARY KEY (`id`)
) ENGINE=InnoDB DEFAULT CHARSET=utf8;
/*!40101 SET character_set_client = @saved_cs_client */;

--
-- Dumping data for table `bidinfo`
--

LOCK TABLES `bidinfo` WRITE;
/*!40000 ALTER TABLE `bidinfo` DISABLE KEYS */;
/*!40000 ALTER TABLE `bidinfo` ENABLE KEYS */;
UNLOCK TABLES;

--
-- Table structure for table `biditems`
--

DROP TABLE IF EXISTS `biditems`;
/*!40101 SET @saved_cs_client     = @@character_set_client */;
/*!50503 SET character_set_client = utf8mb4 */;
CREATE TABLE `biditems` (
  `id` int NOT NULL AUTO_INCREMENT,
  `user_id` int NOT NULL,
  `name` varchar(100) NOT NULL,
  `finished` tinyint(1) NOT NULL,
  `endtime` datetime NOT NULL,
  `created` datetime NOT NULL,
  `description` varchar(1000) DEFAULT NULL,
  `image_path` varchar(255) DEFAULT NULL,
  PRIMARY KEY (`id`)
) ENGINE=InnoDB AUTO_INCREMENT=17 DEFAULT CHARSET=utf8;
/*!40101 SET character_set_client = @saved_cs_client */;

--
-- Dumping data for table `biditems`
--

LOCK TABLES `biditems` WRITE;
/*!40000 ALTER TABLE `biditems` DISABLE KEYS */;
INSERT INTO `biditems` VALUES (1,2,'オークション商品１',1,'2020-05-27 01:58:00','2020-05-27 01:59:23',NULL,NULL),(2,3,'オークション商品２',1,'2020-05-27 06:46:00','2020-05-27 06:46:56',NULL,NULL),(3,3,'オークション商品３',1,'2020-05-28 04:03:00','2020-05-28 04:06:27','テスト用商品詳細',NULL),(4,1,'オークション商品４',1,'2020-05-28 06:14:00','2020-05-28 06:14:50','テスト',NULL),(5,1,'オークション商品４',1,'2020-05-28 06:14:00','2020-05-28 06:15:12','テスト',NULL),(6,1,'オークション商品４',1,'2020-05-28 06:14:00','2020-05-28 06:33:54','テスト',NULL),(7,2,'オークション商品６',1,'2020-05-28 09:51:00','2020-05-28 09:54:07','テスト',NULL),(8,3,'オークション商品８',1,'2020-05-28 12:51:00','2020-05-28 12:52:47','テスト８','20200528125247'),(9,3,'オークション商品9',1,'2020-05-28 12:51:00','2020-05-28 13:02:29','テスト9','20200528130229Anthony and Mom 1.jpg'),(10,3,'オークション商品１０',1,'2020-05-28 13:03:00','2020-05-28 13:03:44','テスト１０','20200528130344Social Media 1.png'),(11,2,'オークション商品１２',1,'2020-05-28 13:55:00','2020-05-28 13:57:15','テスト１２','20200528135715Anthony and Mom 1.jpg'),(12,2,'オークション商品１２',1,'2020-05-28 13:55:00','2020-05-28 13:57:35','テスト１２','20200528135735Anthony and Mom 1.jpg'),(13,2,'オークション商品１３',1,'2020-05-28 13:57:00','2020-05-28 13:58:06','テスト１３','20200528135806Anthony and Mom 2.jpg'),(14,2,'オークション商品１５',1,'2020-05-31 14:29:00','2020-05-31 14:30:23','テスト１５','20200531143023Anthony and Mom 2.jpg'),(15,3,'オークション商品１６',1,'2020-05-31 18:26:00','2020-05-31 18:26:54','テスト１６','20200531182654Anthony and Mom 1.jpg'),(16,3,'オークション商品１７',1,'2020-06-03 18:28:00','2020-05-31 18:28:35','テスト１７','20200531182835Anthony and Mom 2.jpg');
/*!40000 ALTER TABLE `biditems` ENABLE KEYS */;
UNLOCK TABLES;

--
-- Table structure for table `bidmessages`
--

DROP TABLE IF EXISTS `bidmessages`;
/*!40101 SET @saved_cs_client     = @@character_set_client */;
/*!50503 SET character_set_client = utf8mb4 */;
CREATE TABLE `bidmessages` (
  `id` int NOT NULL AUTO_INCREMENT,
  `bidinfo_id` int NOT NULL,
  `user_id` int NOT NULL,
  `message` text NOT NULL,
  `created` datetime NOT NULL,
  PRIMARY KEY (`id`)
) ENGINE=InnoDB DEFAULT CHARSET=utf8;
/*!40101 SET character_set_client = @saved_cs_client */;

--
-- Dumping data for table `bidmessages`
--

LOCK TABLES `bidmessages` WRITE;
/*!40000 ALTER TABLE `bidmessages` DISABLE KEYS */;
/*!40000 ALTER TABLE `bidmessages` ENABLE KEYS */;
UNLOCK TABLES;

--
-- Table structure for table `bidrequests`
--

DROP TABLE IF EXISTS `bidrequests`;
/*!40101 SET @saved_cs_client     = @@character_set_client */;
/*!50503 SET character_set_client = utf8mb4 */;
CREATE TABLE `bidrequests` (
  `id` int NOT NULL AUTO_INCREMENT,
  `biditem_id` int NOT NULL,
  `user_id` int NOT NULL,
  `price` int NOT NULL,
  `created` datetime NOT NULL,
  PRIMARY KEY (`id`)
) ENGINE=InnoDB DEFAULT CHARSET=utf8;
/*!40101 SET character_set_client = @saved_cs_client */;

--
-- Dumping data for table `bidrequests`
--

LOCK TABLES `bidrequests` WRITE;
/*!40000 ALTER TABLE `bidrequests` DISABLE KEYS */;
/*!40000 ALTER TABLE `bidrequests` ENABLE KEYS */;
UNLOCK TABLES;

--
-- Table structure for table `phinxlog`
--

DROP TABLE IF EXISTS `phinxlog`;
/*!40101 SET @saved_cs_client     = @@character_set_client */;
/*!50503 SET character_set_client = utf8mb4 */;
CREATE TABLE `phinxlog` (
  `version` bigint NOT NULL,
  `migration_name` varchar(100) DEFAULT NULL,
  `start_time` timestamp NULL DEFAULT NULL,
  `end_time` timestamp NULL DEFAULT NULL,
  `breakpoint` tinyint(1) NOT NULL DEFAULT '0',
  PRIMARY KEY (`version`)
) ENGINE=InnoDB DEFAULT CHARSET=utf8;
/*!40101 SET character_set_client = @saved_cs_client */;

--
-- Dumping data for table `phinxlog`
--

LOCK TABLES `phinxlog` WRITE;
/*!40000 ALTER TABLE `phinxlog` DISABLE KEYS */;
INSERT INTO `phinxlog` VALUES (20200526164601,'CreateUsers','2020-05-26 07:48:45','2020-05-26 07:48:45',0),(20200526164644,'CreateBiditems','2020-05-26 07:48:45','2020-05-26 07:48:45',0),(20200526164717,'CreateBidinfo','2020-05-26 07:48:45','2020-05-26 07:48:45',0),(20200526164757,'CreateBidrequests','2020-05-26 07:48:45','2020-05-26 07:48:45',0),(20200526164830,'CreateBidmessages','2020-05-26 07:48:45','2020-05-26 07:48:45',0),(20200528022352,'AddDescriptionToBiditems','2020-05-27 17:29:11','2020-05-27 17:29:11',0),(20200528062112,'AddColumnsToBiditems','2020-05-27 21:21:44','2020-05-27 21:21:44',0);
/*!40000 ALTER TABLE `phinxlog` ENABLE KEYS */;
UNLOCK TABLES;

--
-- Table structure for table `users`
--

DROP TABLE IF EXISTS `users`;
/*!40101 SET @saved_cs_client     = @@character_set_client */;
/*!50503 SET character_set_client = utf8mb4 */;
CREATE TABLE `users` (
  `id` int NOT NULL AUTO_INCREMENT,
  `username` varchar(100) NOT NULL,
  `password` varchar(100) NOT NULL,
  `role` varchar(20) NOT NULL,
  PRIMARY KEY (`id`)
) ENGINE=InnoDB AUTO_INCREMENT=6 DEFAULT CHARSET=utf8;
/*!40101 SET character_set_client = @saved_cs_client */;

--
-- Dumping data for table `users`
--

LOCK TABLES `users` WRITE;
/*!40000 ALTER TABLE `users` DISABLE KEYS */;
INSERT INTO `users` VALUES (1,'admin','$2y$10$h19cXeModNRepGQGeamn/uCKI.axK6isKnkiY/cAPLfH9Nm6DTYfa','admin'),(2,'taro','$2y$10$TxwsVEKkhQaidBfx.KLube/4NyjIzs9tIDl0j6gpGmc9vcz0ISnM.','user'),(3,'hanako','$2y$10$Ez2t17rNHrYUIbqzyJ36X.nuxZrQA7e5SQ9lxGGY8QUjeUsliAVp6','user'),(4,'yuko','$2y$10$UEFGiDRWDMMXCckssUrRQ.kb/UrUyEGYeuFOWjOBJI3GRP5RUllo.','user'),(5,'tomoko','$2y$10$Gk4HjkrVX21Ze6Qw27IAqOydq4Jfp.VSpFnE31W2L3gYIqp5LCbjy','user');
/*!40000 ALTER TABLE `users` ENABLE KEYS */;
UNLOCK TABLES;
/*!40103 SET TIME_ZONE=@OLD_TIME_ZONE */;

/*!40101 SET SQL_MODE=@OLD_SQL_MODE */;
/*!40014 SET FOREIGN_KEY_CHECKS=@OLD_FOREIGN_KEY_CHECKS */;
/*!40014 SET UNIQUE_CHECKS=@OLD_UNIQUE_CHECKS */;
/*!40101 SET CHARACTER_SET_CLIENT=@OLD_CHARACTER_SET_CLIENT */;
/*!40101 SET CHARACTER_SET_RESULTS=@OLD_CHARACTER_SET_RESULTS */;
/*!40101 SET COLLATION_CONNECTION=@OLD_COLLATION_CONNECTION */;
/*!40111 SET SQL_NOTES=@OLD_SQL_NOTES */;

-- Dump completed on 2020-06-01 17:26:05
